number,name,organ_smiles
1,MIL53(Al),['c1(cc(ccc1C(=O)[O-])C(=O)[O-])']
2,MIL53(Al),['c1(cc(ccc1C(=O)[O-])C(=O)[O-])']
3,MIL53(Al),['c1(cc(ccc1C(=O)[O-])C(=O)[O-])']
4,MIL53(Al),['c1(cc(ccc1C(=O)[O-])C(=O)[O-])']
5,MIL53(Al),['c1(cc(ccc1C(=O)[O-])C(=O)[O-])']
6,MIL53(Al),['c1(cc(ccc1C(=O)[O-])C(=O)[O-])']
7,MIL53(Al),['c1(cc(ccc1C(=O)[O-])C(=O)[O-])']
8,MIL53(Al),['c1(cc(ccc1C(=O)[O-])C(=O)[O-])']
9,ZIF(8)ZnH2O,['Cc1[n-]ccn1']
10,ZIF(8)ZnMeOH,['Cc1[n-]ccn1']
11,ZIF(8)ZnH2O,['Cc1[n-]ccn1']
12,ZIF(8)ZnH2O,['Cc1[n-]ccn1']
13,ZIF(8)ZnH2O,['Cc1[n-]ccn1']
14,ZIF(8)ZnH2O,['Cc1[n-]ccn1']
15,ZIF(8)ZnH2O,['Cc1[n-]ccn1']
16,ZIF(8)ZnH2O,['Cc1[n-]ccn1']
17,ZIF(8)ZnH2O,['Cc1[n-]ccn1']
18,ZIF(8)ZnH2O,['Cc1[n-]ccn1']
19,MIL(53)Fe,['c1(cc(ccc1C(=O)[O-])C(=O)[O-])']
20,MIL(53)Fe,['c1(cc(ccc1C(=O)[O-])C(=O)[O-])']
21,MIL(53)Fe,['c1(cc(ccc1C(=O)[O-])C(=O)[O-])']
22,MIL(53)Fe,['c1(cc(ccc1C(=O)[O-])C(=O)[O-])']
23,MIL(53)Fe,['c1(cc(ccc1C(=O)[O-])C(=O)[O-])']
24,MIL(53)Fe,['c1(cc(ccc1C(=O)[O-])C(=O)[O-])']
25,MIL(53)Fe,['c1(cc(ccc1C(=O)[O-])C(=O)[O-])']
26,MOF(808)Zr,['c1c(cc(cc1C(=O)[O-])C(=O)[O-])C(=O)[O-]']
27,UiO(66)Zr,['c1(cc(ccc1C(=O)[O-])C(=O)[O-])']
28,UiO(66)Zr,['c1(cc(ccc1C(=O)[O-])C(=O)[O-])']
29,UiO(66)Zr,['c1(cc(ccc1C(=O)[O-])C(=O)[O-])']
30,UiO(66)Zr,['c1(cc(ccc1C(=O)[O-])C(=O)[O-])']
31,UiO(66)Zr,['c1(cc(ccc1C(=O)[O-])C(=O)[O-])']
32,UiO(66)Zr,['c1(cc(ccc1C(=O)[O-])C(=O)[O-])']
33,UiO(66)Zr,['c1(cc(ccc1C(=O)[O-])C(=O)[O-])']
34,UiO(66)Zr,['c1(cc(ccc1C(=O)[O-])C(=O)[O-])']
35,UiO(66)Zr,['c1(cc(ccc1C(=O)[O-])C(=O)[O-])']
36,UiO(66)Zr,['c1(cc(ccc1C(=O)[O-])C(=O)[O-])']
37,UiO(66)Zr,['c1(cc(ccc1C(=O)[O-])C(=O)[O-])']
38,UiO(66)Zr,['c1(cc(ccc1C(=O)[O-])C(=O)[O-])']
39,UiO(66)Zr,['c1(cc(ccc1C(=O)[O-])C(=O)[O-])']
40,UiO(66)Zr,['c1(cc(ccc1C(=O)[O-])C(=O)[O-])']
41,UiO(66)Zr,['c1(cc(ccc1C(=O)[O-])C(=O)[O-])']
42,MIL(100)Fe,['c1c(cc(cc1C(=O)[O-])C(=O)[O-])C(=O)[O-]']
43,MIL(100)Fe,['c1c(cc(cc1C(=O)[O-])C(=O)[O-])C(=O)[O-]']
44,MIL(100)Fe,['c1c(cc(cc1C(=O)[O-])C(=O)[O-])C(=O)[O-]']
45,MIL(100)Fe,['c1c(cc(cc1C(=O)[O-])C(=O)[O-])C(=O)[O-]']
46,MIL(100)Fe,['c1c(cc(cc1C(=O)[O-])C(=O)[O-])C(=O)[O-]']
47,MIL(100)Fe,['c1c(cc(cc1C(=O)[O-])C(=O)[O-])C(=O)[O-]']
48,MIL(100)Fe,['c1c(cc(cc1C(=O)[O-])C(=O)[O-])C(=O)[O-]']
49,MIL(100)Fe,['c1c(cc(cc1C(=O)[O-])C(=O)[O-])C(=O)[O-]']
50,MIL(100)Fe,['c1c(cc(cc1C(=O)[O-])C(=O)[O-])C(=O)[O-]']
51,MIL(100)Fe,['c1c(cc(cc1C(=O)[O-])C(=O)[O-])C(=O)[O-]']
52,MIL(101)Cr,['c1(cc(ccc1C(=O)[O-])C(=O)[O-])']
53,MIL(88B)FeNH2,['NC1=C(C([O-])=O)C=CC(C([O-])=O)=C1']
54,MIL(88B)FeNH2,['NC1=C(C([O-])=O)C=CC(C([O-])=O)=C1']
55,MIL(88B)FeNH2,['NC1=C(C([O-])=O)C=CC(C([O-])=O)=C1']
56,MIL(88B)FeNH2,['NC1=C(C([O-])=O)C=CC(C([O-])=O)=C1']
57,MIL(88B)FeNH2,['NC1=C(C([O-])=O)C=CC(C([O-])=O)=C1']
58,MIL(88B)FeNH2,['NC1=C(C([O-])=O)C=CC(C([O-])=O)=C1']
59,MIL(88B)FeNH2,['NC1=C(C([O-])=O)C=CC(C([O-])=O)=C1']
60,MIL(88B)FeNH2,['NC1=C(C([O-])=O)C=CC(C([O-])=O)=C1']
61,MIL(88B)FeNH2,['NC1=C(C([O-])=O)C=CC(C([O-])=O)=C1']
62,AUBM(1)In,"['Cc1[n-]ccn1', 'c1c(c(cc(c1C(=O)[O-])C(=O)[O-])C(=O)[O-])C(=O)[O-]']"
63,AUBM(1)In,"['Cc1[n-]ccn1', 'c1c(c(cc(c1C(=O)[O-])C(=O)[O-])C(=O)[O-])C(=O)[O-]']"
64,AUBM(1)In,"['Cc1[n-]ccn1', 'c1c(c(cc(c1C(=O)[O-])C(=O)[O-])C(=O)[O-])C(=O)[O-]']"
65,AUBM(1)In,"['Cc1[n-]ccn1', 'c1c(c(cc(c1C(=O)[O-])C(=O)[O-])C(=O)[O-])C(=O)[O-]']"
66,AUBM(1)In,"['Cc1[n-]ccn1', 'c1c(c(cc(c1C(=O)[O-])C(=O)[O-])C(=O)[O-])C(=O)[O-]']"
67,AUBM(1)In,"['Cc1[n-]ccn1', 'c1c(c(cc(c1C(=O)[O-])C(=O)[O-])C(=O)[O-])C(=O)[O-]']"
68,AUBM(1)In,"['Cc1[n-]ccn1', 'c1c(c(cc(c1C(=O)[O-])C(=O)[O-])C(=O)[O-])C(=O)[O-]']"
69,AUBM(1)In,"['Cc1[n-]ccn1', 'c1c(c(cc(c1C(=O)[O-])C(=O)[O-])C(=O)[O-])C(=O)[O-]']"
70,AUBM(1)In,"['Cc1[n-]ccn1', 'c1c(c(cc(c1C(=O)[O-])C(=O)[O-])C(=O)[O-])C(=O)[O-]']"
71,CoMOF,"['O=S([O-])(c1ccc(NC(Cc2ccc(C(=O)[O-])cc2)Cc2ccc(C(=O)[O-])cc2)cc1)=O', 'C1(C2=CC[N-]C=C2)=CC[N-]C=C1']"
72,CoMOF,"['O=S([O-])(c1ccc(NC(Cc2ccc(C(=O)[O-])cc2)Cc2ccc(C(=O)[O-])cc2)cc1)=O', 'C1(C2=CC[N-]C=C2)=CC[N-]C=C1']"
73,CoMOF,"['O=S([O-])(c1ccc(NC(Cc2ccc(C(=O)[O-])cc2)Cc2ccc(C(=O)[O-])cc2)cc1)=O', 'C1(C2=CC[N-]C=C2)=CC[N-]C=C1']"
74,CoMOF,"['O=S([O-])(c1ccc(NC(Cc2ccc(C(=O)[O-])cc2)Cc2ccc(C(=O)[O-])cc2)cc1)=O', 'C1(C2=CC[N-]C=C2)=CC[N-]C=C1']"
75,CoMOF,"['O=S([O-])(c1ccc(NC(Cc2ccc(C(=O)[O-])cc2)Cc2ccc(C(=O)[O-])cc2)cc1)=O', 'C1(C2=CC[N-]C=C2)=CC[N-]C=C1']"
76,CoMOF,"['O=S([O-])(c1ccc(NC(Cc2ccc(C(=O)[O-])cc2)Cc2ccc(C(=O)[O-])cc2)cc1)=O', 'C1(C2=CC[N-]C=C2)=CC[N-]C=C1']"
77,CoMOF,"['O=S([O-])(c1ccc(NC(Cc2ccc(C(=O)[O-])cc2)Cc2ccc(C(=O)[O-])cc2)cc1)=O', 'C1(C2=CC[N-]C=C2)=CC[N-]C=C1']"
78,CoMOF,"['O=S([O-])(c1ccc(NC(Cc2ccc(C(=O)[O-])cc2)Cc2ccc(C(=O)[O-])cc2)cc1)=O', 'C1(C2=CC[N-]C=C2)=CC[N-]C=C1']"
79,CoMOF,"['O=S([O-])(c1ccc(NC(Cc2ccc(C(=O)[O-])cc2)Cc2ccc(C(=O)[O-])cc2)cc1)=O', 'C1(C2=CC[N-]C=C2)=CC[N-]C=C1']"
80,CoMOF,"['O=S([O-])(c1ccc(NC(Cc2ccc(C(=O)[O-])cc2)Cc2ccc(C(=O)[O-])cc2)cc1)=O', 'C1(C2=CC[N-]C=C2)=CC[N-]C=C1']"
81,CoMOF,"['O=S([O-])(c1ccc(NC(Cc2ccc(C(=O)[O-])cc2)Cc2ccc(C(=O)[O-])cc2)cc1)=O', 'C1(C2=CC[N-]C=C2)=CC[N-]C=C1']"
82,CoMOF,"['O=S([O-])(c1ccc(NC(Cc2ccc(C(=O)[O-])cc2)Cc2ccc(C(=O)[O-])cc2)cc1)=O', 'C1(C2=CC[N-]C=C2)=CC[N-]C=C1']"
83,CoMOF,"['O=S([O-])(c1ccc(NC(Cc2ccc(C(=O)[O-])cc2)Cc2ccc(C(=O)[O-])cc2)cc1)=O', 'C1(C2=CC[N-]C=C2)=CC[N-]C=C1']"
84,CoMOF,"['O=S([O-])(c1ccc(NC(Cc2ccc(C(=O)[O-])cc2)Cc2ccc(C(=O)[O-])cc2)cc1)=O', 'C1(C2=CC[N-]C=C2)=CC[N-]C=C1']"
85,CoMOF,"['O=S([O-])(c1ccc(NC(Cc2ccc(C(=O)[O-])cc2)Cc2ccc(C(=O)[O-])cc2)cc1)=O', 'C1(C2=CC[N-]C=C2)=CC[N-]C=C1']"
86,CoMOF,"['O=S([O-])(c1ccc(NC(Cc2ccc(C(=O)[O-])cc2)Cc2ccc(C(=O)[O-])cc2)cc1)=O', 'C1(C2=CC[N-]C=C2)=CC[N-]C=C1']"
87,CoMOF,"['O=S([O-])(c1ccc(NC(Cc2ccc(C(=O)[O-])cc2)Cc2ccc(C(=O)[O-])cc2)cc1)=O', 'C1(C2=CC[N-]C=C2)=CC[N-]C=C1']"
88,CoMOF,"['O=S([O-])(c1ccc(NC(Cc2ccc(C(=O)[O-])cc2)Cc2ccc(C(=O)[O-])cc2)cc1)=O', 'C1(C2=CC[N-]C=C2)=CC[N-]C=C1']"
89,CoMOF,"['O=S([O-])(c1ccc(NC(Cc2ccc(C(=O)[O-])cc2)Cc2ccc(C(=O)[O-])cc2)cc1)=O', 'C1(C2=CC[N-]C=C2)=CC[N-]C=C1']"
90,CoMOF,"['O=S([O-])(c1ccc(NC(Cc2ccc(C(=O)[O-])cc2)Cc2ccc(C(=O)[O-])cc2)cc1)=O', 'C1(C2=CC[N-]C=C2)=CC[N-]C=C1']"
91,CoMOF,"['O=S([O-])(c1ccc(NC(Cc2ccc(C(=O)[O-])cc2)Cc2ccc(C(=O)[O-])cc2)cc1)=O', 'C1(C2=CC[N-]C=C2)=CC[N-]C=C1']"
92,CoMOF,"['O=S([O-])(c1ccc(NC(Cc2ccc(C(=O)[O-])cc2)Cc2ccc(C(=O)[O-])cc2)cc1)=O', 'C1(C2=CC[N-]C=C2)=CC[N-]C=C1']"
93,CoMOF,"['O=S([O-])(c1ccc(NC(Cc2ccc(C(=O)[O-])cc2)Cc2ccc(C(=O)[O-])cc2)cc1)=O', 'C1(C2=CC[N-]C=C2)=CC[N-]C=C1']"
94,CoMOF,"['O=S([O-])(c1ccc(NC(Cc2ccc(C(=O)[O-])cc2)Cc2ccc(C(=O)[O-])cc2)cc1)=O', 'C1(C2=CC[N-]C=C2)=CC[N-]C=C1']"
95,CoMOF,"['O=S([O-])(c1ccc(NC(Cc2ccc(C(=O)[O-])cc2)Cc2ccc(C(=O)[O-])cc2)cc1)=O', 'C1(C2=CC[N-]C=C2)=CC[N-]C=C1']"
96,CoMOF,"['O=S([O-])(c1ccc(NC(Cc2ccc(C(=O)[O-])cc2)Cc2ccc(C(=O)[O-])cc2)cc1)=O', 'C1(C2=CC[N-]C=C2)=CC[N-]C=C1']"
97,CoMOF,"['O=S([O-])(c1ccc(NC(Cc2ccc(C(=O)[O-])cc2)Cc2ccc(C(=O)[O-])cc2)cc1)=O', 'C1(C2=CC[N-]C=C2)=CC[N-]C=C1']"
98,CoMOF,"['O=S([O-])(c1ccc(NC(Cc2ccc(C(=O)[O-])cc2)Cc2ccc(C(=O)[O-])cc2)cc1)=O', 'C1(C2=CC[N-]C=C2)=CC[N-]C=C1']"
99,CoMOF,"['O=S([O-])(c1ccc(NC(Cc2ccc(C(=O)[O-])cc2)Cc2ccc(C(=O)[O-])cc2)cc1)=O', 'C1(C2=CC[N-]C=C2)=CC[N-]C=C1']"
100,CoMOF,"['O=S([O-])(c1ccc(NC(Cc2ccc(C(=O)[O-])cc2)Cc2ccc(C(=O)[O-])cc2)cc1)=O', 'C1(C2=CC[N-]C=C2)=CC[N-]C=C1']"
101,CoMOF,"['O=S([O-])(c1ccc(NC(Cc2ccc(C(=O)[O-])cc2)Cc2ccc(C(=O)[O-])cc2)cc1)=O', 'C1(C2=CC[N-]C=C2)=CC[N-]C=C1']"
102,CoMOF,"['O=S([O-])(c1ccc(NC(Cc2ccc(C(=O)[O-])cc2)Cc2ccc(C(=O)[O-])cc2)cc1)=O', 'C1(C2=CC[N-]C=C2)=CC[N-]C=C1']"
103,CoMOF,"['O=S([O-])(c1ccc(NC(Cc2ccc(C(=O)[O-])cc2)Cc2ccc(C(=O)[O-])cc2)cc1)=O', 'C1(C2=CC[N-]C=C2)=CC[N-]C=C1']"
104,CoMOF,"['O=S([O-])(c1ccc(NC(Cc2ccc(C(=O)[O-])cc2)Cc2ccc(C(=O)[O-])cc2)cc1)=O', 'C1(C2=CC[N-]C=C2)=CC[N-]C=C1']"
105,CoMOF,"['O=S([O-])(c1ccc(NC(Cc2ccc(C(=O)[O-])cc2)Cc2ccc(C(=O)[O-])cc2)cc1)=O', 'C1(C2=CC[N-]C=C2)=CC[N-]C=C1']"
106,CoMOF,"['O=S([O-])(c1ccc(NC(Cc2ccc(C(=O)[O-])cc2)Cc2ccc(C(=O)[O-])cc2)cc1)=O', 'C1(C2=CC[N-]C=C2)=CC[N-]C=C1']"
107,CoMOF,"['O=S([O-])(c1ccc(NC(Cc2ccc(C(=O)[O-])cc2)Cc2ccc(C(=O)[O-])cc2)cc1)=O', 'C1(C2=CC[N-]C=C2)=CC[N-]C=C1']"
108,CoMOF,"['O=S([O-])(c1ccc(NC(Cc2ccc(C(=O)[O-])cc2)Cc2ccc(C(=O)[O-])cc2)cc1)=O', 'C1(C2=CC[N-]C=C2)=CC[N-]C=C1']"
109,CoMOF,"['O=S([O-])(c1ccc(NC(Cc2ccc(C(=O)[O-])cc2)Cc2ccc(C(=O)[O-])cc2)cc1)=O', 'C1(C2=CC[N-]C=C2)=CC[N-]C=C1']"
110,CoMOF,"['O=S([O-])(c1ccc(NC(Cc2ccc(C(=O)[O-])cc2)Cc2ccc(C(=O)[O-])cc2)cc1)=O', 'C1(C2=CC[N-]C=C2)=CC[N-]C=C1']"
111,CoMOF,"['O=S([O-])(c1ccc(NC(Cc2ccc(C(=O)[O-])cc2)Cc2ccc(C(=O)[O-])cc2)cc1)=O', 'C1(C2=CC[N-]C=C2)=CC[N-]C=C1']"
112,CoMOF,"['O=S([O-])(c1ccc(NC(Cc2ccc(C(=O)[O-])cc2)Cc2ccc(C(=O)[O-])cc2)cc1)=O', 'C1(C2=CC[N-]C=C2)=CC[N-]C=C1']"
113,CoMOF,"['O=S([O-])(c1ccc(NC(Cc2ccc(C(=O)[O-])cc2)Cc2ccc(C(=O)[O-])cc2)cc1)=O', 'C1(C2=CC[N-]C=C2)=CC[N-]C=C1']"
114,CoMOF,"['O=S([O-])(c1ccc(NC(Cc2ccc(C(=O)[O-])cc2)Cc2ccc(C(=O)[O-])cc2)cc1)=O', 'C1(C2=CC[N-]C=C2)=CC[N-]C=C1']"
115,CoMOF,"['O=S([O-])(c1ccc(NC(Cc2ccc(C(=O)[O-])cc2)Cc2ccc(C(=O)[O-])cc2)cc1)=O', 'C1(C2=CC[N-]C=C2)=CC[N-]C=C1']"
116,MIL(53)Al,['c1(cc(ccc1C(=O)[O-])C(=O)[O-])']
117,MIL(53)Al,['c1(cc(ccc1C(=O)[O-])C(=O)[O-])']
118,MIL(53)Al,['c1(cc(ccc1C(=O)[O-])C(=O)[O-])']
119,MIL(53)Al,['c1(cc(ccc1C(=O)[O-])C(=O)[O-])']
120,MIL(53)Al,['c1(cc(ccc1C(=O)[O-])C(=O)[O-])']
121,MIL(53)AlNH2,['NC1=C(C([O-])=O)C=CC(C([O-])=O)=C1']
122,MIL(53)AlNH2,['NC1=C(C([O-])=O)C=CC(C([O-])=O)=C1']
123,MIL(53)AlNH2,['NC1=C(C([O-])=O)C=CC(C([O-])=O)=C1']
124,MIL(53)AlNH2,['NC1=C(C([O-])=O)C=CC(C([O-])=O)=C1']
125,MIL(53)AlNH2,['NC1=C(C([O-])=O)C=CC(C([O-])=O)=C1']
126,MIL(88A)Fe,['C(/C=C/C(=O)[O-])C(=O)[O-]']
127,MIL(88A)Fe,['C(/C=C/C(=O)[O-])C(=O)[O-]']
128,MIL(88A)Fe,['C(/C=C/C(=O)[O-])C(=O)[O-]']
129,MIL(88A)Fe,['C(/C=C/C(=O)[O-])C(=O)[O-]']
130,MIL(88A)Fe,['C(/C=C/C(=O)[O-])C(=O)[O-]']
131,MIL(88A)Fe,['C(/C=C/C(=O)[O-])C(=O)[O-]']
132,MIL(88B)Fe,['c1(cc(ccc1C(=O)[O-])C(=O)[O-])']
133,MIL(88B)Fe,['c1(cc(ccc1C(=O)[O-])C(=O)[O-])']
134,MIL(88B)Fe,['c1(cc(ccc1C(=O)[O-])C(=O)[O-])']
135,MIL(88B)Fe,['c1(cc(ccc1C(=O)[O-])C(=O)[O-])']
136,MIL(88B)Fe,['c1(cc(ccc1C(=O)[O-])C(=O)[O-])']
137,MIL(88B)Fe,['c1(cc(ccc1C(=O)[O-])C(=O)[O-])']
138,MIL(88B)Fe,['c1(cc(ccc1C(=O)[O-])C(=O)[O-])']
139,MIL(88B)Fe,['c1(cc(ccc1C(=O)[O-])C(=O)[O-])']
140,MIL(88B)Fe,['c1(cc(ccc1C(=O)[O-])C(=O)[O-])']
141,MIL(88B)Fe,['c1(cc(ccc1C(=O)[O-])C(=O)[O-])']
142,MIL(88B)Fe,['c1(cc(ccc1C(=O)[O-])C(=O)[O-])']
143,MIL(88B)Fe,['c1(cc(ccc1C(=O)[O-])C(=O)[O-])']
144,MIL(88B)Fe,['c1(cc(ccc1C(=O)[O-])C(=O)[O-])']
145,MIL(88B)Fe,['c1(cc(ccc1C(=O)[O-])C(=O)[O-])']
146,MIL(100)Al,['O=C(C1=CC(C([O-])=O)=CC(C([O-])=O)=C1)[O-]']
147,MIL(100)Al,['O=C(C1=CC(C([O-])=O)=CC(C([O-])=O)=C1)[O-]']
148,MIL(100)Al,['O=C(C1=CC(C([O-])=O)=CC(C([O-])=O)=C1)[O-]']
149,MIL(100)Al,['O=C(C1=CC(C([O-])=O)=CC(C([O-])=O)=C1)[O-]']
150,MIL(100)Al,['O=C(C1=CC(C([O-])=O)=CC(C([O-])=O)=C1)[O-]']
151,MIL(100)Al,['O=C(C1=CC(C([O-])=O)=CC(C([O-])=O)=C1)[O-]']
152,MIL(100)Al,['O=C(C1=CC(C([O-])=O)=CC(C([O-])=O)=C1)[O-]']
153,MIL(100)Fe,['c1c(cc(cc1C(=O)[O-])C(=O)[O-])C(=O)[O-]']
154,MIL(100)Fe,['c1c(cc(cc1C(=O)[O-])C(=O)[O-])C(=O)[O-]']
155,MIL(100)Fe,['c1c(cc(cc1C(=O)[O-])C(=O)[O-])C(=O)[O-]']
156,MIL(100)Fe,['c1c(cc(cc1C(=O)[O-])C(=O)[O-])C(=O)[O-]']
157,MIL(100)Fe,['c1c(cc(cc1C(=O)[O-])C(=O)[O-])C(=O)[O-]']
158,MIL(100)Fe,['c1c(cc(cc1C(=O)[O-])C(=O)[O-])C(=O)[O-]']
159,MIL(100)Fe,['c1c(cc(cc1C(=O)[O-])C(=O)[O-])C(=O)[O-]']
160,MOF(74)ZnRT,['[O-]C(=O)c1cc(O)c(cc1O)C(=O)[O-]']
161,MOF(74)ZnRT,['[O-]C(=O)c1cc(O)c(cc1O)C(=O)[O-]']
162,MOF(74)ZnRT,['[O-]C(=O)c1cc(O)c(cc1O)C(=O)[O-]']
163,MOF(74)ZnRT,['[O-]C(=O)c1cc(O)c(cc1O)C(=O)[O-]']
164,MOF(74)ZnRT,['[O-]C(=O)c1cc(O)c(cc1O)C(=O)[O-]']
165,MOF(74)ZnRT,['[O-]C(=O)c1cc(O)c(cc1O)C(=O)[O-]']
166,MOF(74)ZnRT,['[O-]C(=O)c1cc(O)c(cc1O)C(=O)[O-]']
167,MOF(74)ZnRT,['[O-]C(=O)c1cc(O)c(cc1O)C(=O)[O-]']
168,MOF(74)ZnRT,['[O-]C(=O)c1cc(O)c(cc1O)C(=O)[O-]']
169,MOF(74)ZnHT,['[O-]C(=O)c1cc(O)c(cc1O)C(=O)[O-]']
170,MOF(74)ZnHT,['[O-]C(=O)c1cc(O)c(cc1O)C(=O)[O-]']
171,MOF(74)ZnHT,['[O-]C(=O)c1cc(O)c(cc1O)C(=O)[O-]']
172,MOF(74)ZnHT,['[O-]C(=O)c1cc(O)c(cc1O)C(=O)[O-]']
173,MOF(74)ZnHT,['[O-]C(=O)c1cc(O)c(cc1O)C(=O)[O-]']
174,LaBDC,['c1(cc(ccc1C(=O)[O-])C(=O)[O-])']
175,LaBDC,['c1(cc(ccc1C(=O)[O-])C(=O)[O-])']
176,LaBDC,['c1(cc(ccc1C(=O)[O-])C(=O)[O-])']
177,LaBDC,['c1(cc(ccc1C(=O)[O-])C(=O)[O-])']
178,LaBDC,['c1(cc(ccc1C(=O)[O-])C(=O)[O-])']
179,LaBDC,['c1(cc(ccc1C(=O)[O-])C(=O)[O-])']
180,LaBDC,['c1(cc(ccc1C(=O)[O-])C(=O)[O-])']
181,LaBDC,['c1(cc(ccc1C(=O)[O-])C(=O)[O-])']
182,MIL(101)Fe,['c1(cc(ccc1C(=O)[O-])C(=O)[O-])']
183,MIL(101)Fe,['c1(cc(ccc1C(=O)[O-])C(=O)[O-])']
184,MIL(101)Fe,['c1(cc(ccc1C(=O)[O-])C(=O)[O-])']
185,MIL(101)Fe,['c1(cc(ccc1C(=O)[O-])C(=O)[O-])']
186,MIL(101)Fe,['c1(cc(ccc1C(=O)[O-])C(=O)[O-])']
187,MIL(101)Fe,['c1(cc(ccc1C(=O)[O-])C(=O)[O-])']
188,MIL(101)Fe,['c1(cc(ccc1C(=O)[O-])C(=O)[O-])']
189,MIL(101)Fe,['c1(cc(ccc1C(=O)[O-])C(=O)[O-])']
190,MIL(101)Fe,['c1(cc(ccc1C(=O)[O-])C(=O)[O-])']
191,MIL(101)Fe,['c1(cc(ccc1C(=O)[O-])C(=O)[O-])']
192,MIL(101)Fe,['c1(cc(ccc1C(=O)[O-])C(=O)[O-])']
193,CPO-27-Zn,['[O-]C(=O)c1cc(O)c(cc1O)C(=O)[O-]']
194,CPO-27-Zn,['[O-]C(=O)c1cc(O)c(cc1O)C(=O)[O-]']
195,CPO-27-Zn,['[O-]C(=O)c1cc(O)c(cc1O)C(=O)[O-]']
196,CPO-27-Zn,['[O-]C(=O)c1cc(O)c(cc1O)C(=O)[O-]']
197,CPO-27-Zn,['[O-]C(=O)c1cc(O)c(cc1O)C(=O)[O-]']
198,CPO-27-Zn,['[O-]C(=O)c1cc(O)c(cc1O)C(=O)[O-]']
199,CPO-27-Zn,['[O-]C(=O)c1cc(O)c(cc1O)C(=O)[O-]']
200,CPO-27-Zn,['[O-]C(=O)c1cc(O)c(cc1O)C(=O)[O-]']
201,CPO-27-Zn,['[O-]C(=O)c1cc(O)c(cc1O)C(=O)[O-]']
202,CPO-27-Zn,['[O-]C(=O)c1cc(O)c(cc1O)C(=O)[O-]']
203,CPO-27-Zn,['[O-]C(=O)c1cc(O)c(cc1O)C(=O)[O-]']
204,CPO-27-Zn,['[O-]C(=O)c1cc(O)c(cc1O)C(=O)[O-]']
205,UiO(66)Zr,['c1(cc(ccc1C(=O)[O-])C(=O)[O-])']
206,UiO(66)Zr,['c1(cc(ccc1C(=O)[O-])C(=O)[O-])']
207,UiO(66)Zr,['c1(cc(ccc1C(=O)[O-])C(=O)[O-])']
208,UiO(66)Zr,['c1(cc(ccc1C(=O)[O-])C(=O)[O-])']
209,UiO(66)Zr,['c1(cc(ccc1C(=O)[O-])C(=O)[O-])']
210,UiO(66)Zr,['c1(cc(ccc1C(=O)[O-])C(=O)[O-])']
211,UiO(66)Zr,['c1(cc(ccc1C(=O)[O-])C(=O)[O-])']
212,UiO(66)Zr,['c1(cc(ccc1C(=O)[O-])C(=O)[O-])']
213,UiO(66)Zr,['c1(cc(ccc1C(=O)[O-])C(=O)[O-])']
214,UiO(66)Zr,['c1(cc(ccc1C(=O)[O-])C(=O)[O-])']
215,UiO(66)Zr,['c1(cc(ccc1C(=O)[O-])C(=O)[O-])']
216,UiO(66)Zr,['c1(cc(ccc1C(=O)[O-])C(=O)[O-])']
217,UiO(66)Zr,['c1(cc(ccc1C(=O)[O-])C(=O)[O-])']
218,UiO(66)Zr,['c1(cc(ccc1C(=O)[O-])C(=O)[O-])']
219,UiO(66)Zr,['c1(cc(ccc1C(=O)[O-])C(=O)[O-])']
220,UiO(66)Zr,['c1(cc(ccc1C(=O)[O-])C(=O)[O-])']
221,UiO(66)Zr,['c1(cc(ccc1C(=O)[O-])C(=O)[O-])']
222,UiO(66)Zr,['c1(cc(ccc1C(=O)[O-])C(=O)[O-])']
223,UiO(66)Zr,['c1(cc(ccc1C(=O)[O-])C(=O)[O-])']
224,UiO(66)Zr,['c1(cc(ccc1C(=O)[O-])C(=O)[O-])']
225,UiO(66)Zr,['c1(cc(ccc1C(=O)[O-])C(=O)[O-])']
226,UiO(66)ZrNH2,['NC1=C(C([O-])=O)C=CC(C([O-])=O)=C1']
227,UiO(66)ZrNH2,['NC1=C(C([O-])=O)C=CC(C([O-])=O)=C1']
228,UiO(66)ZrNH2,['NC1=C(C([O-])=O)C=CC(C([O-])=O)=C1']
229,UiO(66)ZrNH2,['NC1=C(C([O-])=O)C=CC(C([O-])=O)=C1']
230,UiO(66)ZrNH2,['NC1=C(C([O-])=O)C=CC(C([O-])=O)=C1']
231,UiO(66)ZrNH2,['NC1=C(C([O-])=O)C=CC(C([O-])=O)=C1']
232,UiO(66)ZrNH2,['NC1=C(C([O-])=O)C=CC(C([O-])=O)=C1']
233,UiO(66)ZrNH2,['NC1=C(C([O-])=O)C=CC(C([O-])=O)=C1']
234,UiO(66)ZrNH2,['NC1=C(C([O-])=O)C=CC(C([O-])=O)=C1']
235,UiO(66)ZrNH2,['NC1=C(C([O-])=O)C=CC(C([O-])=O)=C1']
236,UiO(66)ZrNH2,['NC1=C(C([O-])=O)C=CC(C([O-])=O)=C1']
237,UiO(66)ZrNH2,['NC1=C(C([O-])=O)C=CC(C([O-])=O)=C1']
238,UiO(66)ZrNH2,['NC1=C(C([O-])=O)C=CC(C([O-])=O)=C1']
239,UiO(66)ZrNH2,['NC1=C(C([O-])=O)C=CC(C([O-])=O)=C1']
240,UiO(66)ZrNH2,['NC1=C(C([O-])=O)C=CC(C([O-])=O)=C1']
241,UiO(66)ZrNH2,['NC1=C(C([O-])=O)C=CC(C([O-])=O)=C1']
242,UiO(66)ZrNH2,['NC1=C(C([O-])=O)C=CC(C([O-])=O)=C1']
243,UiO(66)ZrNH2,['NC1=C(C([O-])=O)C=CC(C([O-])=O)=C1']
244,UiO(66)ZrNH2,['NC1=C(C([O-])=O)C=CC(C([O-])=O)=C1']
245,UiO(66)ZrNH2,['NC1=C(C([O-])=O)C=CC(C([O-])=O)=C1']
246,UiO(66)ZrNH2,['NC1=C(C([O-])=O)C=CC(C([O-])=O)=C1']
247,BUC(17)Co,['C1(N2C[N-]C=C2)=CC(N3C[N-]C=C3)=CC(N4C[N-]C=C4)=C1']
248,BUC(17)Co,['C1(N2C[N-]C=C2)=CC(N3C[N-]C=C3)=CC(N4C[N-]C=C4)=C1']
249,BUC(17)Co,['C1(N2C[N-]C=C2)=CC(N3C[N-]C=C3)=CC(N4C[N-]C=C4)=C1']
250,BUC(17)Co,['C1(N2C[N-]C=C2)=CC(N3C[N-]C=C3)=CC(N4C[N-]C=C4)=C1']
251,BUC(17)Co,['C1(N2C[N-]C=C2)=CC(N3C[N-]C=C3)=CC(N4C[N-]C=C4)=C1']
252,BUC(17)Co,['C1(N2C[N-]C=C2)=CC(N3C[N-]C=C3)=CC(N4C[N-]C=C4)=C1']
253,BUC(17)Co,['C1(N2C[N-]C=C2)=CC(N3C[N-]C=C3)=CC(N4C[N-]C=C4)=C1']
254,BUC(17)Co,['C1(N2C[N-]C=C2)=CC(N3C[N-]C=C3)=CC(N4C[N-]C=C4)=C1']
255,BUC(17)Co,['C1(N2C[N-]C=C2)=CC(N3C[N-]C=C3)=CC(N4C[N-]C=C4)=C1']
256,BUC(17)Co,['C1(N2C[N-]C=C2)=CC(N3C[N-]C=C3)=CC(N4C[N-]C=C4)=C1']
257,BUC(17)Co,['C1(N2C[N-]C=C2)=CC(N3C[N-]C=C3)=CC(N4C[N-]C=C4)=C1']
258,BUC(17)Co,['C1(N2C[N-]C=C2)=CC(N3C[N-]C=C3)=CC(N4C[N-]C=C4)=C1']
259,BUC(17)Co,['C1(N2C[N-]C=C2)=CC(N3C[N-]C=C3)=CC(N4C[N-]C=C4)=C1']
260,BUC(17)Co,['C1(N2C[N-]C=C2)=CC(N3C[N-]C=C3)=CC(N4C[N-]C=C4)=C1']
261,BUC(17)Co,['C1(N2C[N-]C=C2)=CC(N3C[N-]C=C3)=CC(N4C[N-]C=C4)=C1']
262,BUC(17)Co,['C1(N2C[N-]C=C2)=CC(N3C[N-]C=C3)=CC(N4C[N-]C=C4)=C1']
263,BUC(17)Co,['C1(N2C[N-]C=C2)=CC(N3C[N-]C=C3)=CC(N4C[N-]C=C4)=C1']
264,BUC(17)Co,['C1(N2C[N-]C=C2)=CC(N3C[N-]C=C3)=CC(N4C[N-]C=C4)=C1']
265,BUC(17)Co,['C1(N2C[N-]C=C2)=CC(N3C[N-]C=C3)=CC(N4C[N-]C=C4)=C1']
266,BUC(17)Co,['C1(N2C[N-]C=C2)=CC(N3C[N-]C=C3)=CC(N4C[N-]C=C4)=C1']
267,BUC(17)Co,['C1(N2C[N-]C=C2)=CC(N3C[N-]C=C3)=CC(N4C[N-]C=C4)=C1']
268,GUT(3)Zn,['CC1=CC=C(N(CC2=CC=C(C=C2)C([O-])=O)CC3=CC=C(C=C3)C([O-])=O)C=C1']
269,GUT(3)Zn,['CC1=CC=C(N(CC2=CC=C(C=C2)C([O-])=O)CC3=CC=C(C=C3)C([O-])=O)C=C1']
270,GUT(3)Zn,['CC1=CC=C(N(CC2=CC=C(C=C2)C([O-])=O)CC3=CC=C(C=C3)C([O-])=O)C=C1']
271,GUT(3)Zn,['CC1=CC=C(N(CC2=CC=C(C=C2)C([O-])=O)CC3=CC=C(C=C3)C([O-])=O)C=C1']
272,GUT(3)Zn,['CC1=CC=C(N(CC2=CC=C(C=C2)C([O-])=O)CC3=CC=C(C=C3)C([O-])=O)C=C1']
273,GUT(3)Zn,['CC1=CC=C(N(CC2=CC=C(C=C2)C([O-])=O)CC3=CC=C(C=C3)C([O-])=O)C=C1']
274,GUT(3)Zn,['CC1=CC=C(N(CC2=CC=C(C=C2)C([O-])=O)CC3=CC=C(C=C3)C([O-])=O)C=C1']
275,GUT(3)Zn,['CC1=CC=C(N(CC2=CC=C(C=C2)C([O-])=O)CC3=CC=C(C=C3)C([O-])=O)C=C1']
276,GUT(3)Zn,['CC1=CC=C(N(CC2=CC=C(C=C2)C([O-])=O)CC3=CC=C(C=C3)C([O-])=O)C=C1']
277,GUT(3)Zn,['CC1=CC=C(N(CC2=CC=C(C=C2)C([O-])=O)CC3=CC=C(C=C3)C([O-])=O)C=C1']
278,iMOF(1C)Ni,['N(C1=CC=C(N2C=C[N-]C2)C=C1)(C3=CC=C(N4C=C[N-]C4)C=C3)C5=CC=C(N6C=C[N-]C6)C=C5']
279,iMOF(1C)Ni,['N(C1=CC=C(N2C=C[N-]C2)C=C1)(C3=CC=C(N4C=C[N-]C4)C=C3)C5=CC=C(N6C=C[N-]C6)C=C5']
280,iMOF(1C)Ni,['N(C1=CC=C(N2C=C[N-]C2)C=C1)(C3=CC=C(N4C=C[N-]C4)C=C3)C5=CC=C(N6C=C[N-]C6)C=C5']
281,iMOF(1C)Ni,['N(C1=CC=C(N2C=C[N-]C2)C=C1)(C3=CC=C(N4C=C[N-]C4)C=C3)C5=CC=C(N6C=C[N-]C6)C=C5']
282,iMOF(1C)Ni,['N(C1=CC=C(N2C=C[N-]C2)C=C1)(C3=CC=C(N4C=C[N-]C4)C=C3)C5=CC=C(N6C=C[N-]C6)C=C5']
283,iMOF(1C)Ni,['N(C1=CC=C(N2C=C[N-]C2)C=C1)(C3=CC=C(N4C=C[N-]C4)C=C3)C5=CC=C(N6C=C[N-]C6)C=C5']
284,MIL(88A)Fe,['C(/C=C/C(=O)[O-])C(=O)[O-]']
285,MIL(88A)Fe,['C(/C=C/C(=O)[O-])C(=O)[O-]']
286,MIL(88A)Fe,['C(/C=C/C(=O)[O-])C(=O)[O-]']
287,MIL(88A)Fe,['C(/C=C/C(=O)[O-])C(=O)[O-]']
288,MIL(88A)Fe,['C(/C=C/C(=O)[O-])C(=O)[O-]']
289,MIL(88A)Fe,['C(/C=C/C(=O)[O-])C(=O)[O-]']
290,MIL(88A)Fe,['C(/C=C/C(=O)[O-])C(=O)[O-]']
291,MIL(88A)Fe,['C(/C=C/C(=O)[O-])C(=O)[O-]']
292,MIL(88A)Fe,['C(/C=C/C(=O)[O-])C(=O)[O-]']
293,MIL(88A)Fe,['C(/C=C/C(=O)[O-])C(=O)[O-]']
294,MIL(88A)Fe,['C(/C=C/C(=O)[O-])C(=O)[O-]']
295,MIL(88A)Fe,['C(/C=C/C(=O)[O-])C(=O)[O-]']
296,MIL(88A)Fe,['C(/C=C/C(=O)[O-])C(=O)[O-]']
297,MIL(88A)Fe,['C(/C=C/C(=O)[O-])C(=O)[O-]']
298,MIL(88A)Fe,['C(/C=C/C(=O)[O-])C(=O)[O-]']
299,MIL(88A)Fe,['C(/C=C/C(=O)[O-])C(=O)[O-]']
300,MIL(88A)Fe,['C(/C=C/C(=O)[O-])C(=O)[O-]']
301,MIL(88A)Fe,['C(/C=C/C(=O)[O-])C(=O)[O-]']
302,MIL(88A)Fe,['C(/C=C/C(=O)[O-])C(=O)[O-]']
303,MIL(88A)Fe,['C(/C=C/C(=O)[O-])C(=O)[O-]']
304,MIL(88A)Fe,['C(/C=C/C(=O)[O-])C(=O)[O-]']
305,MIL(88A)Fe,['C(/C=C/C(=O)[O-])C(=O)[O-]']
306,MIL(88A)Fe,['C(/C=C/C(=O)[O-])C(=O)[O-]']
307,MIL(88A)Fe,['C(/C=C/C(=O)[O-])C(=O)[O-]']
308,MIL(88A)Fe,['C(/C=C/C(=O)[O-])C(=O)[O-]']
309,MIL(88A)Fe,['C(/C=C/C(=O)[O-])C(=O)[O-]']
310,MIL(88A)Fe,['C(/C=C/C(=O)[O-])C(=O)[O-]']
311,MOF(76)Y,['c1c(cc(cc1C(=O)[O-])C(=O)[O-])C(=O)[O-]']
312,MOF(76)Y,['c1c(cc(cc1C(=O)[O-])C(=O)[O-])C(=O)[O-]']
313,MOF(76)Y,['c1c(cc(cc1C(=O)[O-])C(=O)[O-])C(=O)[O-]']
314,MOF(76)Y,['c1c(cc(cc1C(=O)[O-])C(=O)[O-])C(=O)[O-]']
315,MOF(76)Y,['c1c(cc(cc1C(=O)[O-])C(=O)[O-])C(=O)[O-]']
316,MOF(76)YAc,['O=C(C1=CC(C([O-])=O)=C(C([O-])=O)C(C([O-])=O)=C1)[O-]']
317,MOF(76)YAc,['O=C(C1=CC(C([O-])=O)=C(C([O-])=O)C(C([O-])=O)=C1)[O-]']
318,MOF(76)YAc,['O=C(C1=CC(C([O-])=O)=C(C([O-])=O)C(C([O-])=O)=C1)[O-]']
319,MOF(76)YAc,['O=C(C1=CC(C([O-])=O)=C(C([O-])=O)C(C([O-])=O)=C1)[O-]']
320,MOF(76)YAc,['O=C(C1=CC(C([O-])=O)=C(C([O-])=O)C(C([O-])=O)=C1)[O-]']
321,UiO(66)Zr,['c1(cc(ccc1C(=O)[O-])C(=O)[O-])']
322,UiO(66)Zr,['c1(cc(ccc1C(=O)[O-])C(=O)[O-])']
323,UiO(66)Zr,['c1(cc(ccc1C(=O)[O-])C(=O)[O-])']
324,UiO(66)Zr,['c1(cc(ccc1C(=O)[O-])C(=O)[O-])']
325,UiO(66)Zr,['c1(cc(ccc1C(=O)[O-])C(=O)[O-])']
326,UiO(66)Zr,['c1(cc(ccc1C(=O)[O-])C(=O)[O-])']
327,UiO(66)Zr,['c1(cc(ccc1C(=O)[O-])C(=O)[O-])']
328,UiO(66)Zr,['c1(cc(ccc1C(=O)[O-])C(=O)[O-])']
329,UiO(66)Zr,['c1(cc(ccc1C(=O)[O-])C(=O)[O-])']
330,UiO(66)Zr,['c1(cc(ccc1C(=O)[O-])C(=O)[O-])']
331,UiO(66)Zr,['c1(cc(ccc1C(=O)[O-])C(=O)[O-])']
332,UiO(66)Zr,['c1(cc(ccc1C(=O)[O-])C(=O)[O-])']
333,UiO(66)Zr,['c1(cc(ccc1C(=O)[O-])C(=O)[O-])']
334,UiO(66)Zr,['c1(cc(ccc1C(=O)[O-])C(=O)[O-])']
335,UiO(66)Zr,['c1(cc(ccc1C(=O)[O-])C(=O)[O-])']
336,ZnAMT,['SC1=NC([NH-])=N[N-]1']
337,ZnAMT,['SC1=NC([NH-])=N[N-]1']
338,ZnAMT,['SC1=NC([NH-])=N[N-]1']
339,ZnAMT,['SC1=NC([NH-])=N[N-]1']
340,ZnAMT,['SC1=NC([NH-])=N[N-]1']
341,ZnAMT,['SC1=NC([NH-])=N[N-]1']
342,ZnAMT,['SC1=NC([NH-])=N[N-]1']
343,ZnAMT,['SC1=NC([NH-])=N[N-]1']
344,ZnAMT,['SC1=NC([NH-])=N[N-]1']
345,ZnAMT,['SC1=NC([NH-])=N[N-]1']
346,EuMOF,['OC1=CC(C([O-])=O)=CC=C1/N=C/C2=CC=C(C([O-])=O)C=C2']
347,EuMOF,['OC1=CC(C([O-])=O)=CC=C1/N=C/C2=CC=C(C([O-])=O)C=C2']
348,EuMOF,['OC1=CC(C([O-])=O)=CC=C1/N=C/C2=CC=C(C([O-])=O)C=C2']
349,EuMOF,['OC1=CC(C([O-])=O)=CC=C1/N=C/C2=CC=C(C([O-])=O)C=C2']
350,EuMOF,['OC1=CC(C([O-])=O)=CC=C1/N=C/C2=CC=C(C([O-])=O)C=C2']
351,EuMOF,['OC1=CC(C([O-])=O)=CC=C1/N=C/C2=CC=C(C([O-])=O)C=C2']
352,EuMOF,['OC1=CC(C([O-])=O)=CC=C1/N=C/C2=CC=C(C([O-])=O)C=C2']
353,EuMOF,['OC1=CC(C([O-])=O)=CC=C1/N=C/C2=CC=C(C([O-])=O)C=C2']
354,iMOF(3C)Ni,['N(C1=CC=C(N2C=C[N-]C2)C=C1)(C3=CC=C(N4C=C[N-]C4)C=C3)C5=CC=C(N6C=C[N-]C6)C=C5']
355,iMOF(3C)Ni,['N(C1=CC=C(N2C=C[N-]C2)C=C1)(C3=CC=C(N4C=C[N-]C4)C=C3)C5=CC=C(N6C=C[N-]C6)C=C5']
356,iMOF(3C)Ni,['N(C1=CC=C(N2C=C[N-]C2)C=C1)(C3=CC=C(N4C=C[N-]C4)C=C3)C5=CC=C(N6C=C[N-]C6)C=C5']
357,iMOF(3C)Ni,['N(C1=CC=C(N2C=C[N-]C2)C=C1)(C3=CC=C(N4C=C[N-]C4)C=C3)C5=CC=C(N6C=C[N-]C6)C=C5']
358,iMOF(3C)Ni,['N(C1=CC=C(N2C=C[N-]C2)C=C1)(C3=CC=C(N4C=C[N-]C4)C=C3)C5=CC=C(N6C=C[N-]C6)C=C5']
359,iMOF(3C)Ni,['N(C1=CC=C(N2C=C[N-]C2)C=C1)(C3=CC=C(N4C=C[N-]C4)C=C3)C5=CC=C(N6C=C[N-]C6)C=C5']
360,MIL(125)Ti,['c1(cc(ccc1C(=O)[O-])C(=O)[O-])']
361,MIL(125)Ti,['c1(cc(ccc1C(=O)[O-])C(=O)[O-])']
362,MIL(125)Ti,['c1(cc(ccc1C(=O)[O-])C(=O)[O-])']
363,MIL(125)Ti,['c1(cc(ccc1C(=O)[O-])C(=O)[O-])']
364,MIL(125)Ti,['c1(cc(ccc1C(=O)[O-])C(=O)[O-])']
365,MIL(125)Ti,['c1(cc(ccc1C(=O)[O-])C(=O)[O-])']
366,MIL(125)Ti,['c1(cc(ccc1C(=O)[O-])C(=O)[O-])']
367,SnBDC,['c1(cc(ccc1C(=O)[O-])C(=O)[O-])']
368,SnBDC,['c1(cc(ccc1C(=O)[O-])C(=O)[O-])']
369,SnBDC,['c1(cc(ccc1C(=O)[O-])C(=O)[O-])']
370,SnBDC,['c1(cc(ccc1C(=O)[O-])C(=O)[O-])']
371,SnBDC,['c1(cc(ccc1C(=O)[O-])C(=O)[O-])']
372,SnBDC,['c1(cc(ccc1C(=O)[O-])C(=O)[O-])']
373,SnBDC,['c1(cc(ccc1C(=O)[O-])C(=O)[O-])']
374,SnBDC,['c1(cc(ccc1C(=O)[O-])C(=O)[O-])']
375,SnBDC,['c1(cc(ccc1C(=O)[O-])C(=O)[O-])']
376,SnBDC,['c1(cc(ccc1C(=O)[O-])C(=O)[O-])']
377,SnBDC,['c1(cc(ccc1C(=O)[O-])C(=O)[O-])']
378,AlMOF1,['O=C(C1=CC(NCC2=CC=CC=N2)=C(C([O-])=O)C=C1)[O-]']
379,AlMOF1,['O=C(C1=CC(NCC2=CC=CC=N2)=C(C([O-])=O)C=C1)[O-]']
380,AlMOF1,['O=C(C1=CC(NCC2=CC=CC=N2)=C(C([O-])=O)C=C1)[O-]']
381,AlMOF1,['O=C(C1=CC(NCC2=CC=CC=N2)=C(C([O-])=O)C=C1)[O-]']
382,AlMOF1,['O=C(C1=CC(NCC2=CC=CC=N2)=C(C([O-])=O)C=C1)[O-]']
383,AlMOF1,['O=C(C1=CC(NCC2=CC=CC=N2)=C(C([O-])=O)C=C1)[O-]']
384,AlMOF1,['O=C(C1=CC(NCC2=CC=CC=N2)=C(C([O-])=O)C=C1)[O-]']
385,MIL(68)AlNH2,['NC1=C(C([O-])=O)C=CC(C([O-])=O)=C1']
386,MIL(68)AlNH2,['NC1=C(C([O-])=O)C=CC(C([O-])=O)=C1']
387,MIL(68)AlNH2,['NC1=C(C([O-])=O)C=CC(C([O-])=O)=C1']
388,MIL(68)AlNH2,['NC1=C(C([O-])=O)C=CC(C([O-])=O)=C1']
389,MIL(68)AlNH2,['NC1=C(C([O-])=O)C=CC(C([O-])=O)=C1']
390,MIL(100)Fe,['c1c(cc(cc1C(=O)[O-])C(=O)[O-])C(=O)[O-]']
391,MIL(100)Fe,['c1c(cc(cc1C(=O)[O-])C(=O)[O-])C(=O)[O-]']
392,MIL(100)Fe,['c1c(cc(cc1C(=O)[O-])C(=O)[O-])C(=O)[O-]']
393,MIL(100)Fe,['c1c(cc(cc1C(=O)[O-])C(=O)[O-])C(=O)[O-]']
394,MIL(100)Fe,['c1c(cc(cc1C(=O)[O-])C(=O)[O-])C(=O)[O-]']
395,MIL(101)FeNH2,['NC1=C(C([O-])=O)C=CC(C([O-])=O)=C1']
396,MIL(101)FeNH2,['NC1=C(C([O-])=O)C=CC(C([O-])=O)=C1']
397,MIL(101)FeNH2,['NC1=C(C([O-])=O)C=CC(C([O-])=O)=C1']
398,MIL(101)FeNH2,['NC1=C(C([O-])=O)C=CC(C([O-])=O)=C1']
399,MIL(101)FeNH2,['NC1=C(C([O-])=O)C=CC(C([O-])=O)=C1']
400,MIL(101)FeNH2,['NC1=C(C([O-])=O)C=CC(C([O-])=O)=C1']
401,MIL(101)FeNH2,['NC1=C(C([O-])=O)C=CC(C([O-])=O)=C1']
402,MIL(101)FeNH2,['NC1=C(C([O-])=O)C=CC(C([O-])=O)=C1']
403,MIL(101)FeNH2,['NC1=C(C([O-])=O)C=CC(C([O-])=O)=C1']
404,MIL(101)FeNH2,['NC1=C(C([O-])=O)C=CC(C([O-])=O)=C1']
405,CeBDCNH2,['NC1=C(C([O-])=O)C=CC(C([O-])=O)=C1']
406,CeBDCNH2,['NC1=C(C([O-])=O)C=CC(C([O-])=O)=C1']
407,CeBDCNH2,['NC1=C(C([O-])=O)C=CC(C([O-])=O)=C1']
408,CeBDCNH2,['NC1=C(C([O-])=O)C=CC(C([O-])=O)=C1']
409,CeBDCNH2,['NC1=C(C([O-])=O)C=CC(C([O-])=O)=C1']
410,CeBDCNH2,['NC1=C(C([O-])=O)C=CC(C([O-])=O)=C1']
411,CeBDCNH2,['NC1=C(C([O-])=O)C=CC(C([O-])=O)=C1']
412,CeBDCNH2,['NC1=C(C([O-])=O)C=CC(C([O-])=O)=C1']
413,CeBDCNH2,['NC1=C(C([O-])=O)C=CC(C([O-])=O)=C1']
414,CeBDCNH2,['NC1=C(C([O-])=O)C=CC(C([O-])=O)=C1']
415,MOF(66)Ce,['c1(cc(ccc1C(=O)[O-])C(=O)[O-])']
416,MOF(66)Ce,['c1(cc(ccc1C(=O)[O-])C(=O)[O-])']
417,MOF(66)Ce,['c1(cc(ccc1C(=O)[O-])C(=O)[O-])']
418,MOF(66)Ce,['c1(cc(ccc1C(=O)[O-])C(=O)[O-])']
419,MOF(66)Ce,['c1(cc(ccc1C(=O)[O-])C(=O)[O-])']
420,MOF(66)Ce,['c1(cc(ccc1C(=O)[O-])C(=O)[O-])']
421,MOF(808)Ce,['c1c(cc(cc1C(=O)[O-])C(=O)[O-])C(=O)[O-]']
422,MOF(808)Ce,['c1c(cc(cc1C(=O)[O-])C(=O)[O-])C(=O)[O-]']
423,MOF(808)Ce,['c1c(cc(cc1C(=O)[O-])C(=O)[O-])C(=O)[O-]']
424,MOF(808)Ce,['c1c(cc(cc1C(=O)[O-])C(=O)[O-])C(=O)[O-]']
425,MOF(808)Ce,['c1c(cc(cc1C(=O)[O-])C(=O)[O-])C(=O)[O-]']
426,MOF(808)Ce,['c1c(cc(cc1C(=O)[O-])C(=O)[O-])C(=O)[O-]']
427,MOF(808)Ce,['c1c(cc(cc1C(=O)[O-])C(=O)[O-])C(=O)[O-]']
428,MOF(808)Zr,['c1c(cc(cc1C(=O)[O-])C(=O)[O-])C(=O)[O-]']
429,MOF(808)Zr,['c1c(cc(cc1C(=O)[O-])C(=O)[O-])C(=O)[O-]']
430,MOF(808)Zr,['c1c(cc(cc1C(=O)[O-])C(=O)[O-])C(=O)[O-]']
431,MOF(808)Zr,['c1c(cc(cc1C(=O)[O-])C(=O)[O-])C(=O)[O-]']
432,MOF(808)Zr,['c1c(cc(cc1C(=O)[O-])C(=O)[O-])C(=O)[O-]']
433,MOF(808)Zr,['c1c(cc(cc1C(=O)[O-])C(=O)[O-])C(=O)[O-]']
434,MOF(808)Zr,['c1c(cc(cc1C(=O)[O-])C(=O)[O-])C(=O)[O-]']
435,MOF(808)Zr,['c1c(cc(cc1C(=O)[O-])C(=O)[O-])C(=O)[O-]']
436,MOF(808)Zr,['c1c(cc(cc1C(=O)[O-])C(=O)[O-])C(=O)[O-]']
437,MOF(808)Zr,['c1c(cc(cc1C(=O)[O-])C(=O)[O-])C(=O)[O-]']
438,MOF(808)Zr,['c1c(cc(cc1C(=O)[O-])C(=O)[O-])C(=O)[O-]']
439,MOF(808)Zr,['c1c(cc(cc1C(=O)[O-])C(=O)[O-])C(=O)[O-]']
440,MOF(808)Zr,['c1c(cc(cc1C(=O)[O-])C(=O)[O-])C(=O)[O-]']
441,MOF(808)Zr,['c1c(cc(cc1C(=O)[O-])C(=O)[O-])C(=O)[O-]']
442,MOF(808)Zr,['c1c(cc(cc1C(=O)[O-])C(=O)[O-])C(=O)[O-]']
443,MOF(808)Zr,['c1c(cc(cc1C(=O)[O-])C(=O)[O-])C(=O)[O-]']
444,MOF(808)Zr,['c1c(cc(cc1C(=O)[O-])C(=O)[O-])C(=O)[O-]']
445,SUB(8)Zr,['NC1=CC=C(C([O-])=O)C=C1']
446,SUB(8)Zr,['NC1=CC=C(C([O-])=O)C=C1']
447,SUB(8)Zr,['NC1=CC=C(C([O-])=O)C=C1']
448,SUB(8)Zr,['NC1=CC=C(C([O-])=O)C=C1']
449,SUB(8)Zr,['NC1=CC=C(C([O-])=O)C=C1']
450,SUB(8)Zr,['NC1=CC=C(C([O-])=O)C=C1']
451,SUB(8)Zr,['NC1=CC=C(C([O-])=O)C=C1']
452,UiO(66)ZrNO2,['O=[N+](C1=C(C([O-])=O)C=CC(C([O-])=O)=C1)[O-]']
453,UiO(66)ZrNO2,['O=[N+](C1=C(C([O-])=O)C=CC(C([O-])=O)=C1)[O-]']
454,UiO(66)ZrNO2,['O=[N+](C1=C(C([O-])=O)C=CC(C([O-])=O)=C1)[O-]']
455,UiO(66)ZrNO2,['O=[N+](C1=C(C([O-])=O)C=CC(C([O-])=O)=C1)[O-]']
456,UiO(66)ZrNO2,['O=[N+](C1=C(C([O-])=O)C=CC(C([O-])=O)=C1)[O-]']
457,UiO(66)ZrNO2,['O=[N+](C1=C(C([O-])=O)C=CC(C([O-])=O)=C1)[O-]']
458,ZIF(8)ZnH2O,['Cc1[n-]ccn1']
459,ZIF(8)ZnH2O,['Cc1[n-]ccn1']
460,ZIF(8)ZnH2O,['Cc1[n-]ccn1']
461,ZIF(8)ZnH2O,['Cc1[n-]ccn1']
462,ZIF(8)ZnH2O,['Cc1[n-]ccn1']
463,ZIF(8)ZnH2O,['Cc1[n-]ccn1']
464,ZIF(8)ZnH2O,['Cc1[n-]ccn1']
465,ZIF(8)ZnH2O,['Cc1[n-]ccn1']
466,ZIF(8)ZnH2O,['Cc1[n-]ccn1']
467,ZIF(8)ZnH2O,['Cc1[n-]ccn1']
468,ZIF(8)ZnH2O,['Cc1[n-]ccn1']
469,ZIF(8)ZnH2O,['Cc1[n-]ccn1']
470,ZIF(8)ZnH2O,['Cc1[n-]ccn1']
471,ZIF(8)ZnH2O,['Cc1[n-]ccn1']
472,ZIF(8)ZnH2O,['Cc1[n-]ccn1']
473,ZIF(8)ZnH2O,['Cc1[n-]ccn1']
474,ZIF(8)ZnH2O,['Cc1[n-]ccn1']
475,ZIF(8)ZnH2O,['Cc1[n-]ccn1']
476,ZIF(8)ZnH2O,['Cc1[n-]ccn1']
477,ZIF(8)ZnH2O,['Cc1[n-]ccn1']
478,ZIF(8)ZnH2O,['Cc1[n-]ccn1']
479,ZIF(8)ZnH2O,['Cc1[n-]ccn1']
480,ZIF(8)ZnH2O,['Cc1[n-]ccn1']
481,ZIF(8)ZnH2O,['Cc1[n-]ccn1']
482,ZIF(8)ZnH2O,['Cc1[n-]ccn1']
483,ZIF(8)ZnH2O,['Cc1[n-]ccn1']
484,ZIF(8)ZnH2O,['Cc1[n-]ccn1']
485,ZIF(8)ZnH2O,['Cc1[n-]ccn1']
486,ZIF(8)ZnH2O,['Cc1[n-]ccn1']
487,ZIF(8)ZnMeOH,['Cc1[n-]ccn1']
488,ZIF(8)ZnMeOH,['Cc1[n-]ccn1']
489,ZIF(8)ZnMeOH,['Cc1[n-]ccn1']
490,ZIF(67)CoMeOH,['Cc1[n-]ccn1']
491,ZIF(67)CoMeOH,['Cc1[n-]ccn1']
492,ZIF(67)CoMeOH,['Cc1[n-]ccn1']
493,MOF(808)Zr,['c1c(cc(cc1C(=O)[O-])C(=O)[O-])C(=O)[O-]']
494,MOF(808)Zr,['c1c(cc(cc1C(=O)[O-])C(=O)[O-])C(=O)[O-]']
495,MOF(808)Zr,['c1c(cc(cc1C(=O)[O-])C(=O)[O-])C(=O)[O-]']
496,MOF(808)Zr,['c1c(cc(cc1C(=O)[O-])C(=O)[O-])C(=O)[O-]']
497,MOF(808)Zr,['c1c(cc(cc1C(=O)[O-])C(=O)[O-])C(=O)[O-]']
498,MOF(808)Zr,['c1c(cc(cc1C(=O)[O-])C(=O)[O-])C(=O)[O-]']
499,MOF(808)Zr,['c1c(cc(cc1C(=O)[O-])C(=O)[O-])C(=O)[O-]']
500,MOF(808)Zr,['c1c(cc(cc1C(=O)[O-])C(=O)[O-])C(=O)[O-]']
501,MOF(808)Zr,['c1c(cc(cc1C(=O)[O-])C(=O)[O-])C(=O)[O-]']
502,MIL(100)Fe,['c1c(cc(cc1C(=O)[O-])C(=O)[O-])C(=O)[O-]']
503,MIL(100)Fe,['c1c(cc(cc1C(=O)[O-])C(=O)[O-])C(=O)[O-]']
504,MIL(100)Fe,['c1c(cc(cc1C(=O)[O-])C(=O)[O-])C(=O)[O-]']
505,MIL(100)Fe,['c1c(cc(cc1C(=O)[O-])C(=O)[O-])C(=O)[O-]']
506,MIL(100)Fe,['c1c(cc(cc1C(=O)[O-])C(=O)[O-])C(=O)[O-]']
507,MIL(100)Fe,['c1c(cc(cc1C(=O)[O-])C(=O)[O-])C(=O)[O-]']
508,MIL(100)Fe,['c1c(cc(cc1C(=O)[O-])C(=O)[O-])C(=O)[O-]']
509,MIL(100)Fe,['c1c(cc(cc1C(=O)[O-])C(=O)[O-])C(=O)[O-]']
510,MIL(100)Fe,['c1c(cc(cc1C(=O)[O-])C(=O)[O-])C(=O)[O-]']
511,MIL(100)Fe,['c1c(cc(cc1C(=O)[O-])C(=O)[O-])C(=O)[O-]']
512,MIL(100)Fe,['c1c(cc(cc1C(=O)[O-])C(=O)[O-])C(=O)[O-]']
513,MIL(100)Fe,['c1c(cc(cc1C(=O)[O-])C(=O)[O-])C(=O)[O-]']
514,MIL(100)Fe,['c1c(cc(cc1C(=O)[O-])C(=O)[O-])C(=O)[O-]']
515,MIL(100)Fe,['c1c(cc(cc1C(=O)[O-])C(=O)[O-])C(=O)[O-]']
516,MIL(100)Fe,['c1c(cc(cc1C(=O)[O-])C(=O)[O-])C(=O)[O-]']
517,MIL(100)Fe,['c1c(cc(cc1C(=O)[O-])C(=O)[O-])C(=O)[O-]']
518,MIL(100)Fe,['c1c(cc(cc1C(=O)[O-])C(=O)[O-])C(=O)[O-]']
519,MIL(100)Fe,['c1c(cc(cc1C(=O)[O-])C(=O)[O-])C(=O)[O-]']
520,MIL(100)Fe,['c1c(cc(cc1C(=O)[O-])C(=O)[O-])C(=O)[O-]']
521,MIL(100)Fe,['c1c(cc(cc1C(=O)[O-])C(=O)[O-])C(=O)[O-]']
522,MIL(100)Fe,['c1c(cc(cc1C(=O)[O-])C(=O)[O-])C(=O)[O-]']
523,MIL(100)Fe,['c1c(cc(cc1C(=O)[O-])C(=O)[O-])C(=O)[O-]']
524,MIL(100)Fe,['c1c(cc(cc1C(=O)[O-])C(=O)[O-])C(=O)[O-]']
525,MIL(100)Fe,['c1c(cc(cc1C(=O)[O-])C(=O)[O-])C(=O)[O-]']
526,MIL(100)Fe,['c1c(cc(cc1C(=O)[O-])C(=O)[O-])C(=O)[O-]']
527,MIL(100)Fe,['c1c(cc(cc1C(=O)[O-])C(=O)[O-])C(=O)[O-]']
528,MIL(100)Fe,['c1c(cc(cc1C(=O)[O-])C(=O)[O-])C(=O)[O-]']
529,MIL(100)Fe,['c1c(cc(cc1C(=O)[O-])C(=O)[O-])C(=O)[O-]']
530,MIL(100)Fe,['c1c(cc(cc1C(=O)[O-])C(=O)[O-])C(=O)[O-]']
531,MIL(100)Fe,['c1c(cc(cc1C(=O)[O-])C(=O)[O-])C(=O)[O-]']
532,MIL(101)Fe,['c1(cc(ccc1C(=O)[O-])C(=O)[O-])']
533,MIL(101)Fe,['c1(cc(ccc1C(=O)[O-])C(=O)[O-])']
534,MIL(101)Fe,['c1(cc(ccc1C(=O)[O-])C(=O)[O-])']
535,MIL(101)Fe,['c1(cc(ccc1C(=O)[O-])C(=O)[O-])']
536,MIL(101)Fe,['c1(cc(ccc1C(=O)[O-])C(=O)[O-])']
537,MIL(101)Fe,['c1(cc(ccc1C(=O)[O-])C(=O)[O-])']
538,MIL(101)Fe,['c1(cc(ccc1C(=O)[O-])C(=O)[O-])']
539,MIL(101)Fe,['c1(cc(ccc1C(=O)[O-])C(=O)[O-])']
540,MIL(101)Fe,['c1(cc(ccc1C(=O)[O-])C(=O)[O-])']
541,MIL(101)Fe,['c1(cc(ccc1C(=O)[O-])C(=O)[O-])']
542,MIL(101)Fe,['c1(cc(ccc1C(=O)[O-])C(=O)[O-])']
543,MIL(101)Fe,['c1(cc(ccc1C(=O)[O-])C(=O)[O-])']
544,MIL(101)Fe,['c1(cc(ccc1C(=O)[O-])C(=O)[O-])']
545,MIL(101)Fe,['c1(cc(ccc1C(=O)[O-])C(=O)[O-])']
546,MIL(101)Fe,['c1(cc(ccc1C(=O)[O-])C(=O)[O-])']
547,MIL(101)Fe,['c1(cc(ccc1C(=O)[O-])C(=O)[O-])']
548,MIL(101)Fe,['c1(cc(ccc1C(=O)[O-])C(=O)[O-])']
549,MIL(101)Fe,['c1(cc(ccc1C(=O)[O-])C(=O)[O-])']
550,MIL(101)Fe,['c1(cc(ccc1C(=O)[O-])C(=O)[O-])']
551,MIL(101)Fe,['c1(cc(ccc1C(=O)[O-])C(=O)[O-])']
552,MIL(101)Fe,['c1(cc(ccc1C(=O)[O-])C(=O)[O-])']
553,MIL(101)Fe,['c1(cc(ccc1C(=O)[O-])C(=O)[O-])']
554,MIL(101)Fe,['c1(cc(ccc1C(=O)[O-])C(=O)[O-])']
555,MIL(101)Fe,['c1(cc(ccc1C(=O)[O-])C(=O)[O-])']
556,MIL(101)Fe,['c1(cc(ccc1C(=O)[O-])C(=O)[O-])']
557,MIL(101)Fe,['c1(cc(ccc1C(=O)[O-])C(=O)[O-])']
558,MIL(101)Fe,['c1(cc(ccc1C(=O)[O-])C(=O)[O-])']
559,MIL(101)Fe,['c1(cc(ccc1C(=O)[O-])C(=O)[O-])']
560,MIL(101)Fe,['c1(cc(ccc1C(=O)[O-])C(=O)[O-])']
561,MIL(101)Fe,['c1(cc(ccc1C(=O)[O-])C(=O)[O-])']
562,PbMOF,"['O=S([O-])(c1ccc(NC(Cc2ccc(C(=O)[O-])cc2)Cc2ccc(C(=O)[O-])cc2)cc1)=O', 'C1(C2=CC[N-]C=C2)=CC[N-]C=C1']"
563,PbMOF,"['O=S([O-])(c1ccc(NC(Cc2ccc(C(=O)[O-])cc2)Cc2ccc(C(=O)[O-])cc2)cc1)=O', 'C1(C2=CC[N-]C=C2)=CC[N-]C=C1']"
564,PbMOF,"['O=S([O-])(c1ccc(NC(Cc2ccc(C(=O)[O-])cc2)Cc2ccc(C(=O)[O-])cc2)cc1)=O', 'C1(C2=CC[N-]C=C2)=CC[N-]C=C1']"
565,PbMOF,"['O=S([O-])(c1ccc(NC(Cc2ccc(C(=O)[O-])cc2)Cc2ccc(C(=O)[O-])cc2)cc1)=O', 'C1(C2=CC[N-]C=C2)=CC[N-]C=C1']"
566,PbMOF,"['O=S([O-])(c1ccc(NC(Cc2ccc(C(=O)[O-])cc2)Cc2ccc(C(=O)[O-])cc2)cc1)=O', 'C1(C2=CC[N-]C=C2)=CC[N-]C=C1']"
567,PbMOF,"['O=S([O-])(c1ccc(NC(Cc2ccc(C(=O)[O-])cc2)Cc2ccc(C(=O)[O-])cc2)cc1)=O', 'C1(C2=CC[N-]C=C2)=CC[N-]C=C1']"
568,PbMOF,"['O=S([O-])(c1ccc(NC(Cc2ccc(C(=O)[O-])cc2)Cc2ccc(C(=O)[O-])cc2)cc1)=O', 'C1(C2=CC[N-]C=C2)=CC[N-]C=C1']"
569,PbMOF,"['O=S([O-])(c1ccc(NC(Cc2ccc(C(=O)[O-])cc2)Cc2ccc(C(=O)[O-])cc2)cc1)=O', 'C1(C2=CC[N-]C=C2)=CC[N-]C=C1']"
570,PbMOF,"['O=S([O-])(c1ccc(NC(Cc2ccc(C(=O)[O-])cc2)Cc2ccc(C(=O)[O-])cc2)cc1)=O', 'C1(C2=CC[N-]C=C2)=CC[N-]C=C1']"
571,PbMOF,"['O=S([O-])(c1ccc(NC(Cc2ccc(C(=O)[O-])cc2)Cc2ccc(C(=O)[O-])cc2)cc1)=O', 'C1(C2=CC[N-]C=C2)=CC[N-]C=C1']"
572,PbMOF,"['O=S([O-])(c1ccc(NC(Cc2ccc(C(=O)[O-])cc2)Cc2ccc(C(=O)[O-])cc2)cc1)=O', 'C1(C2=CC[N-]C=C2)=CC[N-]C=C1']"
573,PbMOF,"['O=S([O-])(c1ccc(NC(Cc2ccc(C(=O)[O-])cc2)Cc2ccc(C(=O)[O-])cc2)cc1)=O', 'C1(C2=CC[N-]C=C2)=CC[N-]C=C1']"
574,PbMOF,"['O=S([O-])(c1ccc(NC(Cc2ccc(C(=O)[O-])cc2)Cc2ccc(C(=O)[O-])cc2)cc1)=O', 'C1(C2=CC[N-]C=C2)=CC[N-]C=C1']"
575,PbMOF,"['O=S([O-])(c1ccc(NC(Cc2ccc(C(=O)[O-])cc2)Cc2ccc(C(=O)[O-])cc2)cc1)=O', 'C1(C2=CC[N-]C=C2)=CC[N-]C=C1']"
576,PbMOF,"['O=S([O-])(c1ccc(NC(Cc2ccc(C(=O)[O-])cc2)Cc2ccc(C(=O)[O-])cc2)cc1)=O', 'C1(C2=CC[N-]C=C2)=CC[N-]C=C1']"
577,PbMOF,"['O=S([O-])(c1ccc(NC(Cc2ccc(C(=O)[O-])cc2)Cc2ccc(C(=O)[O-])cc2)cc1)=O', 'C1(C2=CC[N-]C=C2)=CC[N-]C=C1']"
578,PbMOF,"['O=S([O-])(c1ccc(NC(Cc2ccc(C(=O)[O-])cc2)Cc2ccc(C(=O)[O-])cc2)cc1)=O', 'C1(C2=CC[N-]C=C2)=CC[N-]C=C1']"
579,PbMOF,"['O=S([O-])(c1ccc(NC(Cc2ccc(C(=O)[O-])cc2)Cc2ccc(C(=O)[O-])cc2)cc1)=O', 'C1(C2=CC[N-]C=C2)=CC[N-]C=C1']"
580,PbMOF,"['O=S([O-])(c1ccc(NC(Cc2ccc(C(=O)[O-])cc2)Cc2ccc(C(=O)[O-])cc2)cc1)=O', 'C1(C2=CC[N-]C=C2)=CC[N-]C=C1']"
581,PbMOF,"['O=S([O-])(c1ccc(NC(Cc2ccc(C(=O)[O-])cc2)Cc2ccc(C(=O)[O-])cc2)cc1)=O', 'C1(C2=CC[N-]C=C2)=CC[N-]C=C1']"
582,PbMOF,"['O=S([O-])(c1ccc(NC(Cc2ccc(C(=O)[O-])cc2)Cc2ccc(C(=O)[O-])cc2)cc1)=O', 'C1(C2=CC[N-]C=C2)=CC[N-]C=C1']"
583,PbMOF,"['O=S([O-])(c1ccc(NC(Cc2ccc(C(=O)[O-])cc2)Cc2ccc(C(=O)[O-])cc2)cc1)=O', 'C1(C2=CC[N-]C=C2)=CC[N-]C=C1']"
584,PbMOF,"['O=S([O-])(c1ccc(NC(Cc2ccc(C(=O)[O-])cc2)Cc2ccc(C(=O)[O-])cc2)cc1)=O', 'C1(C2=CC[N-]C=C2)=CC[N-]C=C1']"
585,PbMOF,"['O=S([O-])(c1ccc(NC(Cc2ccc(C(=O)[O-])cc2)Cc2ccc(C(=O)[O-])cc2)cc1)=O', 'C1(C2=CC[N-]C=C2)=CC[N-]C=C1']"
586,PbMOF,"['O=S([O-])(c1ccc(NC(Cc2ccc(C(=O)[O-])cc2)Cc2ccc(C(=O)[O-])cc2)cc1)=O', 'C1(C2=CC[N-]C=C2)=CC[N-]C=C1']"
587,PbMOF,"['O=S([O-])(c1ccc(NC(Cc2ccc(C(=O)[O-])cc2)Cc2ccc(C(=O)[O-])cc2)cc1)=O', 'C1(C2=CC[N-]C=C2)=CC[N-]C=C1']"
588,PbMOF,"['O=S([O-])(c1ccc(NC(Cc2ccc(C(=O)[O-])cc2)Cc2ccc(C(=O)[O-])cc2)cc1)=O', 'C1(C2=CC[N-]C=C2)=CC[N-]C=C1']"
589,YbMOF,['O=S(=O)(c1ccc(NC(Cc2ccc(C(=O)[O-])cc2)Cc2ccc(C(=O)[O-])cc2)cc1)c3cccnc3[O-]']
590,YbMOF,['O=S(=O)(c1ccc(NC(Cc2ccc(C(=O)[O-])cc2)Cc2ccc(C(=O)[O-])cc2)cc1)c3cccnc3[O-]']
591,YbMOF,['O=S(=O)(c1ccc(NC(Cc2ccc(C(=O)[O-])cc2)Cc2ccc(C(=O)[O-])cc2)cc1)c3cccnc3[O-]']
592,YbMOF,['O=S(=O)(c1ccc(NC(Cc2ccc(C(=O)[O-])cc2)Cc2ccc(C(=O)[O-])cc2)cc1)c3cccnc3[O-]']
593,YbMOF,['O=S(=O)(c1ccc(NC(Cc2ccc(C(=O)[O-])cc2)Cc2ccc(C(=O)[O-])cc2)cc1)c3cccnc3[O-]']
594,YbMOF,['O=S(=O)(c1ccc(NC(Cc2ccc(C(=O)[O-])cc2)Cc2ccc(C(=O)[O-])cc2)cc1)c3cccnc3[O-]']
595,YbMOF,['O=S(=O)(c1ccc(NC(Cc2ccc(C(=O)[O-])cc2)Cc2ccc(C(=O)[O-])cc2)cc1)c3cccnc3[O-]']
596,YbMOF,['O=S(=O)(c1ccc(NC(Cc2ccc(C(=O)[O-])cc2)Cc2ccc(C(=O)[O-])cc2)cc1)c3cccnc3[O-]']
597,YbMOF,['O=S(=O)(c1ccc(NC(Cc2ccc(C(=O)[O-])cc2)Cc2ccc(C(=O)[O-])cc2)cc1)c3cccnc3[O-]']
598,YbMOF,['O=S(=O)(c1ccc(NC(Cc2ccc(C(=O)[O-])cc2)Cc2ccc(C(=O)[O-])cc2)cc1)c3cccnc3[O-]']
599,YbMOF,['O=S(=O)(c1ccc(NC(Cc2ccc(C(=O)[O-])cc2)Cc2ccc(C(=O)[O-])cc2)cc1)c3cccnc3[O-]']
600,YbMOF,['O=S(=O)(c1ccc(NC(Cc2ccc(C(=O)[O-])cc2)Cc2ccc(C(=O)[O-])cc2)cc1)c3cccnc3[O-]']
601,YbMOF,['O=S(=O)(c1ccc(NC(Cc2ccc(C(=O)[O-])cc2)Cc2ccc(C(=O)[O-])cc2)cc1)c3cccnc3[O-]']
602,YbMOF,['O=S(=O)(c1ccc(NC(Cc2ccc(C(=O)[O-])cc2)Cc2ccc(C(=O)[O-])cc2)cc1)c3cccnc3[O-]']
603,YbMOF,['O=S(=O)(c1ccc(NC(Cc2ccc(C(=O)[O-])cc2)Cc2ccc(C(=O)[O-])cc2)cc1)c3cccnc3[O-]']
604,YbMOF,['O=S(=O)(c1ccc(NC(Cc2ccc(C(=O)[O-])cc2)Cc2ccc(C(=O)[O-])cc2)cc1)c3cccnc3[O-]']
605,YbMOF,['O=S(=O)(c1ccc(NC(Cc2ccc(C(=O)[O-])cc2)Cc2ccc(C(=O)[O-])cc2)cc1)c3cccnc3[O-]']
606,YbMOF,['O=S(=O)(c1ccc(NC(Cc2ccc(C(=O)[O-])cc2)Cc2ccc(C(=O)[O-])cc2)cc1)c3cccnc3[O-]']
607,YbMOF,['O=S(=O)(c1ccc(NC(Cc2ccc(C(=O)[O-])cc2)Cc2ccc(C(=O)[O-])cc2)cc1)c3cccnc3[O-]']
608,YbMOF,['O=S(=O)(c1ccc(NC(Cc2ccc(C(=O)[O-])cc2)Cc2ccc(C(=O)[O-])cc2)cc1)c3cccnc3[O-]']
609,YbMOF,['O=S(=O)(c1ccc(NC(Cc2ccc(C(=O)[O-])cc2)Cc2ccc(C(=O)[O-])cc2)cc1)c3cccnc3[O-]']
610,YbMOF,['O=S(=O)(c1ccc(NC(Cc2ccc(C(=O)[O-])cc2)Cc2ccc(C(=O)[O-])cc2)cc1)c3cccnc3[O-]']
611,YbMOF,['O=S(=O)(c1ccc(NC(Cc2ccc(C(=O)[O-])cc2)Cc2ccc(C(=O)[O-])cc2)cc1)c3cccnc3[O-]']
612,YbMOF,['O=S(=O)(c1ccc(NC(Cc2ccc(C(=O)[O-])cc2)Cc2ccc(C(=O)[O-])cc2)cc1)c3cccnc3[O-]']
613,YbMOF,['O=S(=O)(c1ccc(NC(Cc2ccc(C(=O)[O-])cc2)Cc2ccc(C(=O)[O-])cc2)cc1)c3cccnc3[O-]']
614,YbMOF,['O=S(=O)(c1ccc(NC(Cc2ccc(C(=O)[O-])cc2)Cc2ccc(C(=O)[O-])cc2)cc1)c3cccnc3[O-]']
615,YbMOF,['O=S(=O)(c1ccc(NC(Cc2ccc(C(=O)[O-])cc2)Cc2ccc(C(=O)[O-])cc2)cc1)c3cccnc3[O-]']
616,YbMOF,['O=S(=O)(c1ccc(NC(Cc2ccc(C(=O)[O-])cc2)Cc2ccc(C(=O)[O-])cc2)cc1)c3cccnc3[O-]']
617,YbMOF,['O=S(=O)(c1ccc(NC(Cc2ccc(C(=O)[O-])cc2)Cc2ccc(C(=O)[O-])cc2)cc1)c3cccnc3[O-]']
618,YbMOF,['O=S(=O)(c1ccc(NC(Cc2ccc(C(=O)[O-])cc2)Cc2ccc(C(=O)[O-])cc2)cc1)c3cccnc3[O-]']
619,YbMOF,['O=S(=O)(c1ccc(NC(Cc2ccc(C(=O)[O-])cc2)Cc2ccc(C(=O)[O-])cc2)cc1)c3cccnc3[O-]']
620,YbMOF,['O=S(=O)(c1ccc(NC(Cc2ccc(C(=O)[O-])cc2)Cc2ccc(C(=O)[O-])cc2)cc1)c3cccnc3[O-]']
621,YbMOF,['O=S(=O)(c1ccc(NC(Cc2ccc(C(=O)[O-])cc2)Cc2ccc(C(=O)[O-])cc2)cc1)c3cccnc3[O-]']
622,Zrasp,['N[C@@H](CC([O-])=O)C([O-])=O']
623,Zrasp,['N[C@@H](CC([O-])=O)C([O-])=O']
624,Zrasp,['N[C@@H](CC([O-])=O)C([O-])=O']
625,Zrasp,['N[C@@H](CC([O-])=O)C([O-])=O']
626,Zrasp,['N[C@@H](CC([O-])=O)C([O-])=O']
627,Zrasp,['N[C@@H](CC([O-])=O)C([O-])=O']
628,Zrasp,['N[C@@H](CC([O-])=O)C([O-])=O']
629,Zrsuc,['C(CC(=O)[O-])C(=O)[O-]']
630,Zrsuc,['C(CC(=O)[O-])C(=O)[O-]']
631,Zrsuc,['C(CC(=O)[O-])C(=O)[O-]']
632,Zrsuc,['C(CC(=O)[O-])C(=O)[O-]']
633,Zrsuc,['C(CC(=O)[O-])C(=O)[O-]']
634,Zrsuc,['C(CC(=O)[O-])C(=O)[O-]']
635,Zrsuc,['C(CC(=O)[O-])C(=O)[O-]']
636,Zrfum,['C(/C=C/C(=O)[O-])C(=O)[O-]']
637,Zrfum,['C(/C=C/C(=O)[O-])C(=O)[O-]']
638,Zrfum,['C(/C=C/C(=O)[O-])C(=O)[O-]']
639,Zrfum,['C(/C=C/C(=O)[O-])C(=O)[O-]']
640,Zrfum,['C(/C=C/C(=O)[O-])C(=O)[O-]']
641,Zrfum,['C(/C=C/C(=O)[O-])C(=O)[O-]']
642,Zrfum,['C(/C=C/C(=O)[O-])C(=O)[O-]']
643,Zrmal,['OC(CC(O)[O-])C(O)[O-]']
644,Zrmal,['OC(CC(O)[O-])C(O)[O-]']
645,Zrmal,['OC(CC(O)[O-])C(O)[O-]']
646,Zrmal,['OC(CC(O)[O-])C(O)[O-]']
647,Zrmal,['OC(CC(O)[O-])C(O)[O-]']
648,Zrmal,['OC(CC(O)[O-])C(O)[O-]']
649,MIL(100)Fe,['c1c(cc(cc1C(=O)[O-])C(=O)[O-])C(=O)[O-]']
650,MIL(100)Fe,['c1c(cc(cc1C(=O)[O-])C(=O)[O-])C(=O)[O-]']
651,MIL(100)Fe,['c1c(cc(cc1C(=O)[O-])C(=O)[O-])C(=O)[O-]']
652,MIL(100)Fe,['c1c(cc(cc1C(=O)[O-])C(=O)[O-])C(=O)[O-]']
653,MIL(100)Fe,['c1c(cc(cc1C(=O)[O-])C(=O)[O-])C(=O)[O-]']
654,MIL(100)Fe,['c1c(cc(cc1C(=O)[O-])C(=O)[O-])C(=O)[O-]']
655,MIL(100)Fe,['c1c(cc(cc1C(=O)[O-])C(=O)[O-])C(=O)[O-]']
656,MIL(100)Fe,['c1c(cc(cc1C(=O)[O-])C(=O)[O-])C(=O)[O-]']
657,MIL(100)Fe,['c1c(cc(cc1C(=O)[O-])C(=O)[O-])C(=O)[O-]']
658,MIL(100)Fe,['c1c(cc(cc1C(=O)[O-])C(=O)[O-])C(=O)[O-]']
659,MIL(100)Fe,['c1c(cc(cc1C(=O)[O-])C(=O)[O-])C(=O)[O-]']
660,MIL(100)Fe,['c1c(cc(cc1C(=O)[O-])C(=O)[O-])C(=O)[O-]']
661,MIL(100)Fe,['c1c(cc(cc1C(=O)[O-])C(=O)[O-])C(=O)[O-]']
662,MIL(100)Fe,['c1c(cc(cc1C(=O)[O-])C(=O)[O-])C(=O)[O-]']
663,MIL(100)Fe,['c1c(cc(cc1C(=O)[O-])C(=O)[O-])C(=O)[O-]']
664,MIL(100)Fe,['c1c(cc(cc1C(=O)[O-])C(=O)[O-])C(=O)[O-]']
665,MIL(100)Fe,['c1c(cc(cc1C(=O)[O-])C(=O)[O-])C(=O)[O-]']
666,MIL(100)Fe,['c1c(cc(cc1C(=O)[O-])C(=O)[O-])C(=O)[O-]']
667,ZIF(8)ZnH2O,['Cc1[n-]ccn1']
668,ZIF(8)ZnH2O,['Cc1[n-]ccn1']
669,ZIF(8)ZnH2O,['Cc1[n-]ccn1']
670,ZIF(8)ZnH2O,['Cc1[n-]ccn1']
671,ZIF(8)ZnH2O,['Cc1[n-]ccn1']
672,ZIF(8)ZnH2O,['Cc1[n-]ccn1']
673,Zn4O(TATAB)2·17(DEF)·3(H2O),['O=C(C(C=C1)=CC=C1NC2=NC(NC3=CC=C(C([O-])=O)C=C3)=NC(NC4=CC=C(C([O-])=O)C=C4)=N2)[O-]']
674,Zn4O(TATAB)2·17(DEF)·3(H2O),['O=C(C(C=C1)=CC=C1NC2=NC(NC3=CC=C(C([O-])=O)C=C3)=NC(NC4=CC=C(C([O-])=O)C=C4)=N2)[O-]']
675,Zn4O(TATAB)2·17(DEF)·3(H2O),['O=C(C(C=C1)=CC=C1NC2=NC(NC3=CC=C(C([O-])=O)C=C3)=NC(NC4=CC=C(C([O-])=O)C=C4)=N2)[O-]']
676,Zn4O(TATAB)2·17(DEF)·3(H2O),['O=C(C(C=C1)=CC=C1NC2=NC(NC3=CC=C(C([O-])=O)C=C3)=NC(NC4=CC=C(C([O-])=O)C=C4)=N2)[O-]']
677,Zn4O(TATAB)2·17(DEF)·3(H2O),['O=C(C(C=C1)=CC=C1NC2=NC(NC3=CC=C(C([O-])=O)C=C3)=NC(NC4=CC=C(C([O-])=O)C=C4)=N2)[O-]']
678,[(Zn4O)2L4(DMF)2(H2O)3],['O=C(c1cc(cc(c1)C(=O)Nc1ccc(cc1)C(=O)[O-])C(=O)Nc1ccc(cc1)C(=O)[O-])Nc1ccc(cc1)C(=O)[O-]']
679,[(Zn4O)2L4(DMF)2(H2O)3],['O=C(c1cc(cc(c1)C(=O)Nc1ccc(cc1)C(=O)[O-])C(=O)Nc1ccc(cc1)C(=O)[O-])Nc1ccc(cc1)C(=O)[O-]']
680,[(Zn4O)2L4(DMF)2(H2O)3],['O=C(c1cc(cc(c1)C(=O)Nc1ccc(cc1)C(=O)[O-])C(=O)Nc1ccc(cc1)C(=O)[O-])Nc1ccc(cc1)C(=O)[O-]']
681,[(Zn4O)2L4(DMF)2(H2O)3],['O=C(c1cc(cc(c1)C(=O)Nc1ccc(cc1)C(=O)[O-])C(=O)Nc1ccc(cc1)C(=O)[O-])Nc1ccc(cc1)C(=O)[O-]']
682,[(Zn4O)2L4(DMF)2(H2O)3],['O=C(c1cc(cc(c1)C(=O)Nc1ccc(cc1)C(=O)[O-])C(=O)Nc1ccc(cc1)C(=O)[O-])Nc1ccc(cc1)C(=O)[O-]']
683,[Cu4L(μ3-OH)2(NO3)(μ2-NMP)]·4.5NMP·2H2O ,['O=C(C1=CC(C([O-])=O)=CC(NC2=NC(NC3=CC(C([O-])=O)=CC(C([O-])=O)=C3)=NC(NC4=CC(C([O-])=O)=CC(C([O-])=O)=C4)=N2)=C1)[O-]']
684,[Cu4L(μ3-OH)2(NO3)(μ2-NMP)]·4.5NMP·2H2O ,['O=C(C1=CC(C([O-])=O)=CC(NC2=NC(NC3=CC(C([O-])=O)=CC(C([O-])=O)=C3)=NC(NC4=CC(C([O-])=O)=CC(C([O-])=O)=C4)=N2)=C1)[O-]']
685,[Cu4L(μ3-OH)2(NO3)(μ2-NMP)]·4.5NMP·2H2O ,['O=C(C1=CC(C([O-])=O)=CC(NC2=NC(NC3=CC(C([O-])=O)=CC(C([O-])=O)=C3)=NC(NC4=CC(C([O-])=O)=CC(C([O-])=O)=C4)=N2)=C1)[O-]']
686,[Cu4L(μ3-OH)2(NO3)(μ2-NMP)]·4.5NMP·2H2O ,['O=C(C1=CC(C([O-])=O)=CC(NC2=NC(NC3=CC(C([O-])=O)=CC(C([O-])=O)=C3)=NC(NC4=CC(C([O-])=O)=CC(C([O-])=O)=C4)=N2)=C1)[O-]']
687,[Cu4L(μ3-OH)2(NO3)(μ2-NMP)]·4.5NMP·2H2O ,['O=C(C1=CC(C([O-])=O)=CC(NC2=NC(NC3=CC(C([O-])=O)=CC(C([O-])=O)=C3)=NC(NC4=CC(C([O-])=O)=CC(C([O-])=O)=C4)=N2)=C1)[O-]']
688,{[Co2(L)(H2O)3]·Sx}n,['O=C(c1ccc(cc1)C(=O)Nc1cc(cc(c1)C(=O)[O-])C(=O)[O-])Nc1cc(cc(c1)C(=O)[O-])C(=O)[O-]']
689,{[Co2(L)(H2O)3]·Sx}n,['O=C(c1ccc(cc1)C(=O)Nc1cc(cc(c1)C(=O)[O-])C(=O)[O-])Nc1cc(cc(c1)C(=O)[O-])C(=O)[O-]']
690,{[Co2(L)(H2O)3]·Sx}n,['O=C(c1ccc(cc1)C(=O)Nc1cc(cc(c1)C(=O)[O-])C(=O)[O-])Nc1cc(cc(c1)C(=O)[O-])C(=O)[O-]']
691,{[Co2(L)(H2O)3]·Sx}n,['O=C(c1ccc(cc1)C(=O)Nc1cc(cc(c1)C(=O)[O-])C(=O)[O-])Nc1cc(cc(c1)C(=O)[O-])C(=O)[O-]']
692,{[Co2(L)(H2O)3]·Sx}n,['O=C(c1ccc(cc1)C(=O)Nc1cc(cc(c1)C(=O)[O-])C(=O)[O-])Nc1cc(cc(c1)C(=O)[O-])C(=O)[O-]']